feature_idx,feature_name,tree_importance,minimum_depth,used_in_tree,normalized_tree_importance,rank_tree_importance
191,ecfp4_bit_191,0.10175060726445659,0.0,True,0.10175060726445659,1
13,ecfp4_bit_13,0.07321800037758028,1.0,True,0.07321800037758028,2
389,ecfp4_bit_389,0.04723677765537256,2.0,True,0.04723677765537256,3
448,ecfp4_bit_448,0.034832664003102254,1.0,True,0.034832664003102254,4
350,ecfp4_bit_350,0.03056999227266955,3.0,True,0.03056999227266955,5
926,ecfp4_bit_926,0.02656403596638702,4.0,True,0.02656403596638702,6
313,ecfp4_bit_313,0.02614860954061025,4.0,True,0.02614860954061025,7
533,ecfp4_bit_533,0.02331581439785271,2.0,True,0.02331581439785271,8
40,ecfp4_bit_40,0.022300630613936865,5.0,True,0.022300630613936865,9
283,ecfp4_bit_283,0.022183381032376437,5.0,True,0.022183381032376437,10
74,ecfp4_bit_74,0.02191650266587238,3.0,True,0.02191650266587238,11
690,ecfp4_bit_690,0.020484234713839214,4.0,True,0.020484234713839214,12
623,ecfp4_bit_623,0.020469218829562322,6.0,True,0.020469218829562322,13
528,ecfp4_bit_528,0.02023251230834869,8.0,True,0.02023251230834869,14
893,ecfp4_bit_893,0.017841493794006805,3.0,True,0.017841493794006805,15
407,ecfp4_bit_407,0.01757544149251493,7.0,True,0.01757544149251493,16
219,ecfp4_bit_219,0.016829272962225743,8.0,True,0.016829272962225743,17
486,ecfp4_bit_486,0.01588281243058684,3.0,True,0.01588281243058684,18
656,ecfp4_bit_656,0.015519896976538092,2.0,True,0.015519896976538092,19
904,ecfp4_bit_904,0.013922106848503948,4.0,True,0.013922106848503948,20
636,ecfp4_bit_636,0.01391036151884498,16.0,True,0.01391036151884498,21
180,ecfp4_bit_180,0.013621872172686338,13.0,True,0.013621872172686338,22
320,ecfp4_bit_320,0.013368751292732222,9.0,True,0.013368751292732222,23
952,ecfp4_bit_952,0.013112656558350987,11.0,True,0.013112656558350987,24
831,ecfp4_bit_831,0.012529876057610346,4.0,True,0.012529876057610346,25
1004,ecfp4_bit_1004,0.012398002113530563,6.0,True,0.012398002113530563,26
176,ecfp4_bit_176,0.01128165756905712,10.0,True,0.01128165756905712,27
840,ecfp4_bit_840,0.0112792828822935,14.0,True,0.0112792828822935,28
783,ecfp4_bit_783,0.010944669042617067,2.0,True,0.010944669042617067,29
479,ecfp4_bit_479,0.01073452799991732,7.0,True,0.01073452799991732,30
603,ecfp4_bit_603,0.010464847648722948,8.0,True,0.010464847648722948,31
134,ecfp4_bit_134,0.009701545635746415,12.0,True,0.009701545635746415,32
597,ecfp4_bit_597,0.009570315874810154,15.0,True,0.009570315874810154,33
741,ecfp4_bit_741,0.009314420873650036,5.0,True,0.009314420873650036,34
121,ecfp4_bit_121,0.00913999358182074,12.0,True,0.00913999358182074,35
175,ecfp4_bit_175,0.009119603342886686,5.0,True,0.009119603342886686,36
561,ecfp4_bit_561,0.009112706955876444,16.0,True,0.009112706955876444,37
73,ecfp4_bit_73,0.008956702991262932,9.0,True,0.008956702991262932,38
554,ecfp4_bit_554,0.00892783133211184,7.0,True,0.00892783133211184,39
927,ecfp4_bit_927,0.008087577451255004,8.0,True,0.008087577451255004,40
645,ecfp4_bit_645,0.0076593936146825674,17.0,True,0.0076593936146825674,41
119,ecfp4_bit_119,0.007638247457314633,9.0,True,0.007638247457314633,42
383,ecfp4_bit_383,0.0074980998078268135,8.0,True,0.0074980998078268135,43
371,ecfp4_bit_371,0.00747777880023607,4.0,True,0.00747777880023607,44
20,ecfp4_bit_20,0.007458209114819167,4.0,True,0.007458209114819167,45
726,ecfp4_bit_726,0.0073659367194686244,19.0,True,0.0073659367194686244,46
452,ecfp4_bit_452,0.007292654812431747,11.0,True,0.007292654812431747,47
255,ecfp4_bit_255,0.007224957553557875,5.0,True,0.007224957553557875,48
242,ecfp4_bit_242,0.0066702751713100805,3.0,True,0.0066702751713100805,49
714,ecfp4_bit_714,0.005921486231679419,13.0,True,0.005921486231679419,50
739,ecfp4_bit_739,0.005916990694304173,12.0,True,0.005916990694304173,51
641,ecfp4_bit_641,0.005820627432997735,6.0,True,0.005820627432997735,52
294,ecfp4_bit_294,0.005579452037166336,10.0,True,0.005579452037166336,53
64,ecfp4_bit_64,0.005535965822983532,6.0,True,0.005535965822983532,54
698,ecfp4_bit_698,0.005479540134792869,3.0,True,0.005479540134792869,55
366,ecfp4_bit_366,0.005430851260399802,10.0,True,0.005430851260399802,56
484,ecfp4_bit_484,0.00528731706562029,10.0,True,0.00528731706562029,57
116,ecfp4_bit_116,0.005244842690271357,6.0,True,0.005244842690271357,58
592,ecfp4_bit_592,0.005143755741264041,4.0,True,0.005143755741264041,59
842,ecfp4_bit_842,0.004938875108269063,11.0,True,0.004938875108269063,60
540,ecfp4_bit_540,0.004389747087793692,7.0,True,0.004389747087793692,61
90,ecfp4_bit_90,0.003911934780543237,15.0,True,0.003911934780543237,62
271,ecfp4_bit_271,0.0038547419961749967,7.0,True,0.0038547419961749967,63
303,ecfp4_bit_303,0.0038510083827326207,7.0,True,0.0038510083827326207,64
333,ecfp4_bit_333,0.003830374081444003,4.0,True,0.003830374081444003,65
231,ecfp4_bit_231,0.0037614449133811833,5.0,True,0.0037614449133811833,66
197,ecfp4_bit_197,0.0037101678427503685,6.0,True,0.0037101678427503685,67
8,ecfp4_bit_8,0.0034635069647427005,12.0,True,0.0034635069647427005,68
393,ecfp4_bit_393,0.0032565177330792557,9.0,True,0.0032565177330792557,69
80,ecfp4_bit_80,0.003133854427606929,18.0,True,0.003133854427606929,70
41,ecfp4_bit_41,0.0030781351792899185,5.0,True,0.0030781351792899185,71
713,ecfp4_bit_713,0.00299466131389759,5.0,True,0.00299466131389759,72
673,ecfp4_bit_673,0.0029901312177369205,6.0,True,0.0029901312177369205,73
684,ecfp4_bit_684,0.002840406668810783,14.0,True,0.002840406668810783,74
352,ecfp4_bit_352,0.0026958914964132145,12.0,True,0.0026958914964132145,75
33,ecfp4_bit_33,0.0024270783820680734,5.0,True,0.0024270783820680734,76
650,ecfp4_bit_650,0.0023058463156332455,14.0,True,0.0023058463156332455,77
628,ecfp4_bit_628,0.0022186858629005806,6.0,True,0.0022186858629005806,78
202,ecfp4_bit_202,0.002171006612370128,7.0,True,0.002171006612370128,79
802,ecfp4_bit_802,0.001721425992471017,5.0,True,0.001721425992471017,80
1,ecfp4_bit_1,0.0015041186679145837,7.0,True,0.0015041186679145837,81
864,ecfp4_bit_864,0.00147925636958073,11.0,True,0.00147925636958073,82
950,ecfp4_bit_950,0.0012433541418673682,8.0,True,0.0012433541418673682,83
887,ecfp4_bit_887,0.0010850563440063517,7.0,True,0.0010850563440063517,84
875,ecfp4_bit_875,0.0006155104820130236,8.0,True,0.0006155104820130236,85
610,ecfp4_bit_610,0.0005096704292541217,18.0,True,0.0005096704292541217,86
0,ecfp4_bit_0,0.0,,False,0.0,87
2,ecfp4_bit_2,0.0,,False,0.0,88
3,ecfp4_bit_3,0.0,,False,0.0,89
4,ecfp4_bit_4,0.0,,False,0.0,90
5,ecfp4_bit_5,0.0,,False,0.0,91
6,ecfp4_bit_6,0.0,,False,0.0,92
7,ecfp4_bit_7,0.0,,False,0.0,93
9,ecfp4_bit_9,0.0,,False,0.0,94
10,ecfp4_bit_10,0.0,,False,0.0,95
11,ecfp4_bit_11,0.0,,False,0.0,96
12,ecfp4_bit_12,0.0,,False,0.0,97
14,ecfp4_bit_14,0.0,,False,0.0,98
15,ecfp4_bit_15,0.0,,False,0.0,99
16,ecfp4_bit_16,0.0,,False,0.0,100
17,ecfp4_bit_17,0.0,,False,0.0,101
18,ecfp4_bit_18,0.0,,False,0.0,102
19,ecfp4_bit_19,0.0,,False,0.0,103
21,ecfp4_bit_21,0.0,,False,0.0,104
22,ecfp4_bit_22,0.0,,False,0.0,105
23,ecfp4_bit_23,0.0,,False,0.0,106
24,ecfp4_bit_24,0.0,,False,0.0,107
25,ecfp4_bit_25,0.0,,False,0.0,108
26,ecfp4_bit_26,0.0,,False,0.0,109
27,ecfp4_bit_27,0.0,,False,0.0,110
28,ecfp4_bit_28,0.0,,False,0.0,111
29,ecfp4_bit_29,0.0,,False,0.0,112
30,ecfp4_bit_30,0.0,,False,0.0,113
31,ecfp4_bit_31,0.0,,False,0.0,114
32,ecfp4_bit_32,0.0,,False,0.0,115
34,ecfp4_bit_34,0.0,,False,0.0,116
35,ecfp4_bit_35,0.0,,False,0.0,117
36,ecfp4_bit_36,0.0,,False,0.0,118
37,ecfp4_bit_37,0.0,,False,0.0,119
38,ecfp4_bit_38,0.0,,False,0.0,120
39,ecfp4_bit_39,0.0,,False,0.0,121
42,ecfp4_bit_42,0.0,,False,0.0,122
43,ecfp4_bit_43,0.0,,False,0.0,123
44,ecfp4_bit_44,0.0,,False,0.0,124
45,ecfp4_bit_45,0.0,,False,0.0,125
46,ecfp4_bit_46,0.0,,False,0.0,126
47,ecfp4_bit_47,0.0,,False,0.0,127
48,ecfp4_bit_48,0.0,,False,0.0,128
49,ecfp4_bit_49,0.0,,False,0.0,129
50,ecfp4_bit_50,0.0,,False,0.0,130
51,ecfp4_bit_51,0.0,,False,0.0,131
52,ecfp4_bit_52,0.0,,False,0.0,132
53,ecfp4_bit_53,0.0,,False,0.0,133
54,ecfp4_bit_54,0.0,,False,0.0,134
55,ecfp4_bit_55,0.0,,False,0.0,135
56,ecfp4_bit_56,0.0,,False,0.0,136
57,ecfp4_bit_57,0.0,,False,0.0,137
58,ecfp4_bit_58,0.0,,False,0.0,138
59,ecfp4_bit_59,0.0,,False,0.0,139
60,ecfp4_bit_60,0.0,,False,0.0,140
61,ecfp4_bit_61,0.0,,False,0.0,141
62,ecfp4_bit_62,0.0,,False,0.0,142
63,ecfp4_bit_63,0.0,,False,0.0,143
65,ecfp4_bit_65,0.0,,False,0.0,144
66,ecfp4_bit_66,0.0,,False,0.0,145
67,ecfp4_bit_67,0.0,,False,0.0,146
68,ecfp4_bit_68,0.0,,False,0.0,147
69,ecfp4_bit_69,0.0,,False,0.0,148
70,ecfp4_bit_70,0.0,,False,0.0,149
71,ecfp4_bit_71,0.0,,False,0.0,150
72,ecfp4_bit_72,0.0,,False,0.0,151
75,ecfp4_bit_75,0.0,,False,0.0,152
76,ecfp4_bit_76,0.0,,False,0.0,153
77,ecfp4_bit_77,0.0,,False,0.0,154
78,ecfp4_bit_78,0.0,,False,0.0,155
79,ecfp4_bit_79,0.0,,False,0.0,156
81,ecfp4_bit_81,0.0,,False,0.0,157
82,ecfp4_bit_82,0.0,,False,0.0,158
83,ecfp4_bit_83,0.0,,False,0.0,159
84,ecfp4_bit_84,0.0,,False,0.0,160
85,ecfp4_bit_85,0.0,,False,0.0,161
86,ecfp4_bit_86,0.0,,False,0.0,162
87,ecfp4_bit_87,0.0,,False,0.0,163
88,ecfp4_bit_88,0.0,,False,0.0,164
89,ecfp4_bit_89,0.0,,False,0.0,165
91,ecfp4_bit_91,0.0,,False,0.0,166
92,ecfp4_bit_92,0.0,,False,0.0,167
93,ecfp4_bit_93,0.0,,False,0.0,168
94,ecfp4_bit_94,0.0,,False,0.0,169
95,ecfp4_bit_95,0.0,,False,0.0,170
96,ecfp4_bit_96,0.0,,False,0.0,171
97,ecfp4_bit_97,0.0,,False,0.0,172
98,ecfp4_bit_98,0.0,,False,0.0,173
99,ecfp4_bit_99,0.0,,False,0.0,174
100,ecfp4_bit_100,0.0,,False,0.0,175
101,ecfp4_bit_101,0.0,,False,0.0,176
102,ecfp4_bit_102,0.0,,False,0.0,177
103,ecfp4_bit_103,0.0,,False,0.0,178
104,ecfp4_bit_104,0.0,,False,0.0,179
105,ecfp4_bit_105,0.0,,False,0.0,180
106,ecfp4_bit_106,0.0,,False,0.0,181
107,ecfp4_bit_107,0.0,,False,0.0,182
108,ecfp4_bit_108,0.0,,False,0.0,183
109,ecfp4_bit_109,0.0,,False,0.0,184
110,ecfp4_bit_110,0.0,,False,0.0,185
111,ecfp4_bit_111,0.0,,False,0.0,186
112,ecfp4_bit_112,0.0,,False,0.0,187
113,ecfp4_bit_113,0.0,,False,0.0,188
114,ecfp4_bit_114,0.0,,False,0.0,189
115,ecfp4_bit_115,0.0,,False,0.0,190
117,ecfp4_bit_117,0.0,,False,0.0,191
118,ecfp4_bit_118,0.0,,False,0.0,192
120,ecfp4_bit_120,0.0,,False,0.0,193
122,ecfp4_bit_122,0.0,,False,0.0,194
123,ecfp4_bit_123,0.0,,False,0.0,195
124,ecfp4_bit_124,0.0,,False,0.0,196
125,ecfp4_bit_125,0.0,,False,0.0,197
126,ecfp4_bit_126,0.0,,False,0.0,198
127,ecfp4_bit_127,0.0,,False,0.0,199
128,ecfp4_bit_128,0.0,,False,0.0,200
129,ecfp4_bit_129,0.0,,False,0.0,201
130,ecfp4_bit_130,0.0,,False,0.0,202
131,ecfp4_bit_131,0.0,,False,0.0,203
132,ecfp4_bit_132,0.0,,False,0.0,204
133,ecfp4_bit_133,0.0,,False,0.0,205
135,ecfp4_bit_135,0.0,,False,0.0,206
136,ecfp4_bit_136,0.0,,False,0.0,207
137,ecfp4_bit_137,0.0,,False,0.0,208
138,ecfp4_bit_138,0.0,,False,0.0,209
139,ecfp4_bit_139,0.0,,False,0.0,210
140,ecfp4_bit_140,0.0,,False,0.0,211
141,ecfp4_bit_141,0.0,,False,0.0,212
142,ecfp4_bit_142,0.0,,False,0.0,213
143,ecfp4_bit_143,0.0,,False,0.0,214
144,ecfp4_bit_144,0.0,,False,0.0,215
145,ecfp4_bit_145,0.0,,False,0.0,216
146,ecfp4_bit_146,0.0,,False,0.0,217
147,ecfp4_bit_147,0.0,,False,0.0,218
148,ecfp4_bit_148,0.0,,False,0.0,219
149,ecfp4_bit_149,0.0,,False,0.0,220
150,ecfp4_bit_150,0.0,,False,0.0,221
151,ecfp4_bit_151,0.0,,False,0.0,222
152,ecfp4_bit_152,0.0,,False,0.0,223
153,ecfp4_bit_153,0.0,,False,0.0,224
154,ecfp4_bit_154,0.0,,False,0.0,225
155,ecfp4_bit_155,0.0,,False,0.0,226
156,ecfp4_bit_156,0.0,,False,0.0,227
157,ecfp4_bit_157,0.0,,False,0.0,228
158,ecfp4_bit_158,0.0,,False,0.0,229
159,ecfp4_bit_159,0.0,,False,0.0,230
160,ecfp4_bit_160,0.0,,False,0.0,231
161,ecfp4_bit_161,0.0,,False,0.0,232
162,ecfp4_bit_162,0.0,,False,0.0,233
163,ecfp4_bit_163,0.0,,False,0.0,234
164,ecfp4_bit_164,0.0,,False,0.0,235
165,ecfp4_bit_165,0.0,,False,0.0,236
166,ecfp4_bit_166,0.0,,False,0.0,237
167,ecfp4_bit_167,0.0,,False,0.0,238
168,ecfp4_bit_168,0.0,,False,0.0,239
169,ecfp4_bit_169,0.0,,False,0.0,240
170,ecfp4_bit_170,0.0,,False,0.0,241
171,ecfp4_bit_171,0.0,,False,0.0,242
172,ecfp4_bit_172,0.0,,False,0.0,243
173,ecfp4_bit_173,0.0,,False,0.0,244
174,ecfp4_bit_174,0.0,,False,0.0,245
177,ecfp4_bit_177,0.0,,False,0.0,246
178,ecfp4_bit_178,0.0,,False,0.0,247
179,ecfp4_bit_179,0.0,,False,0.0,248
181,ecfp4_bit_181,0.0,,False,0.0,249
182,ecfp4_bit_182,0.0,,False,0.0,250
183,ecfp4_bit_183,0.0,,False,0.0,251
184,ecfp4_bit_184,0.0,,False,0.0,252
185,ecfp4_bit_185,0.0,,False,0.0,253
186,ecfp4_bit_186,0.0,,False,0.0,254
187,ecfp4_bit_187,0.0,,False,0.0,255
188,ecfp4_bit_188,0.0,,False,0.0,256
189,ecfp4_bit_189,0.0,,False,0.0,257
190,ecfp4_bit_190,0.0,,False,0.0,258
192,ecfp4_bit_192,0.0,,False,0.0,259
193,ecfp4_bit_193,0.0,,False,0.0,260
194,ecfp4_bit_194,0.0,,False,0.0,261
195,ecfp4_bit_195,0.0,,False,0.0,262
196,ecfp4_bit_196,0.0,,False,0.0,263
198,ecfp4_bit_198,0.0,,False,0.0,264
199,ecfp4_bit_199,0.0,,False,0.0,265
200,ecfp4_bit_200,0.0,,False,0.0,266
201,ecfp4_bit_201,0.0,,False,0.0,267
203,ecfp4_bit_203,0.0,,False,0.0,268
204,ecfp4_bit_204,0.0,,False,0.0,269
205,ecfp4_bit_205,0.0,,False,0.0,270
206,ecfp4_bit_206,0.0,,False,0.0,271
207,ecfp4_bit_207,0.0,,False,0.0,272
208,ecfp4_bit_208,0.0,,False,0.0,273
209,ecfp4_bit_209,0.0,,False,0.0,274
210,ecfp4_bit_210,0.0,,False,0.0,275
211,ecfp4_bit_211,0.0,,False,0.0,276
212,ecfp4_bit_212,0.0,,False,0.0,277
213,ecfp4_bit_213,0.0,,False,0.0,278
214,ecfp4_bit_214,0.0,,False,0.0,279
215,ecfp4_bit_215,0.0,,False,0.0,280
216,ecfp4_bit_216,0.0,,False,0.0,281
217,ecfp4_bit_217,0.0,,False,0.0,282
218,ecfp4_bit_218,0.0,,False,0.0,283
220,ecfp4_bit_220,0.0,,False,0.0,284
221,ecfp4_bit_221,0.0,,False,0.0,285
222,ecfp4_bit_222,0.0,,False,0.0,286
223,ecfp4_bit_223,0.0,,False,0.0,287
224,ecfp4_bit_224,0.0,,False,0.0,288
225,ecfp4_bit_225,0.0,,False,0.0,289
226,ecfp4_bit_226,0.0,,False,0.0,290
227,ecfp4_bit_227,0.0,,False,0.0,291
228,ecfp4_bit_228,0.0,,False,0.0,292
229,ecfp4_bit_229,0.0,,False,0.0,293
230,ecfp4_bit_230,0.0,,False,0.0,294
232,ecfp4_bit_232,0.0,,False,0.0,295
233,ecfp4_bit_233,0.0,,False,0.0,296
234,ecfp4_bit_234,0.0,,False,0.0,297
235,ecfp4_bit_235,0.0,,False,0.0,298
236,ecfp4_bit_236,0.0,,False,0.0,299
237,ecfp4_bit_237,0.0,,False,0.0,300
238,ecfp4_bit_238,0.0,,False,0.0,301
239,ecfp4_bit_239,0.0,,False,0.0,302
240,ecfp4_bit_240,0.0,,False,0.0,303
241,ecfp4_bit_241,0.0,,False,0.0,304
243,ecfp4_bit_243,0.0,,False,0.0,305
244,ecfp4_bit_244,0.0,,False,0.0,306
245,ecfp4_bit_245,0.0,,False,0.0,307
246,ecfp4_bit_246,0.0,,False,0.0,308
247,ecfp4_bit_247,0.0,,False,0.0,309
248,ecfp4_bit_248,0.0,,False,0.0,310
249,ecfp4_bit_249,0.0,,False,0.0,311
250,ecfp4_bit_250,0.0,,False,0.0,312
251,ecfp4_bit_251,0.0,,False,0.0,313
252,ecfp4_bit_252,0.0,,False,0.0,314
253,ecfp4_bit_253,0.0,,False,0.0,315
254,ecfp4_bit_254,0.0,,False,0.0,316
256,ecfp4_bit_256,0.0,,False,0.0,317
257,ecfp4_bit_257,0.0,,False,0.0,318
258,ecfp4_bit_258,0.0,,False,0.0,319
259,ecfp4_bit_259,0.0,,False,0.0,320
260,ecfp4_bit_260,0.0,,False,0.0,321
261,ecfp4_bit_261,0.0,,False,0.0,322
262,ecfp4_bit_262,0.0,,False,0.0,323
263,ecfp4_bit_263,0.0,,False,0.0,324
264,ecfp4_bit_264,0.0,,False,0.0,325
265,ecfp4_bit_265,0.0,,False,0.0,326
266,ecfp4_bit_266,0.0,,False,0.0,327
267,ecfp4_bit_267,0.0,,False,0.0,328
268,ecfp4_bit_268,0.0,,False,0.0,329
269,ecfp4_bit_269,0.0,,False,0.0,330
270,ecfp4_bit_270,0.0,,False,0.0,331
272,ecfp4_bit_272,0.0,,False,0.0,332
273,ecfp4_bit_273,0.0,,False,0.0,333
274,ecfp4_bit_274,0.0,,False,0.0,334
275,ecfp4_bit_275,0.0,,False,0.0,335
276,ecfp4_bit_276,0.0,,False,0.0,336
277,ecfp4_bit_277,0.0,,False,0.0,337
278,ecfp4_bit_278,0.0,,False,0.0,338
279,ecfp4_bit_279,0.0,,False,0.0,339
280,ecfp4_bit_280,0.0,,False,0.0,340
281,ecfp4_bit_281,0.0,,False,0.0,341
282,ecfp4_bit_282,0.0,,False,0.0,342
284,ecfp4_bit_284,0.0,,False,0.0,343
285,ecfp4_bit_285,0.0,,False,0.0,344
286,ecfp4_bit_286,0.0,,False,0.0,345
287,ecfp4_bit_287,0.0,,False,0.0,346
288,ecfp4_bit_288,0.0,,False,0.0,347
289,ecfp4_bit_289,0.0,,False,0.0,348
290,ecfp4_bit_290,0.0,,False,0.0,349
291,ecfp4_bit_291,0.0,,False,0.0,350
292,ecfp4_bit_292,0.0,,False,0.0,351
293,ecfp4_bit_293,0.0,,False,0.0,352
295,ecfp4_bit_295,0.0,,False,0.0,353
296,ecfp4_bit_296,0.0,,False,0.0,354
297,ecfp4_bit_297,0.0,,False,0.0,355
298,ecfp4_bit_298,0.0,,False,0.0,356
299,ecfp4_bit_299,0.0,,False,0.0,357
300,ecfp4_bit_300,0.0,,False,0.0,358
301,ecfp4_bit_301,0.0,,False,0.0,359
302,ecfp4_bit_302,0.0,,False,0.0,360
304,ecfp4_bit_304,0.0,,False,0.0,361
305,ecfp4_bit_305,0.0,,False,0.0,362
306,ecfp4_bit_306,0.0,,False,0.0,363
307,ecfp4_bit_307,0.0,,False,0.0,364
308,ecfp4_bit_308,0.0,,False,0.0,365
309,ecfp4_bit_309,0.0,,False,0.0,366
310,ecfp4_bit_310,0.0,,False,0.0,367
311,ecfp4_bit_311,0.0,,False,0.0,368
312,ecfp4_bit_312,0.0,,False,0.0,369
314,ecfp4_bit_314,0.0,,False,0.0,370
315,ecfp4_bit_315,0.0,,False,0.0,371
316,ecfp4_bit_316,0.0,,False,0.0,372
317,ecfp4_bit_317,0.0,,False,0.0,373
318,ecfp4_bit_318,0.0,,False,0.0,374
319,ecfp4_bit_319,0.0,,False,0.0,375
321,ecfp4_bit_321,0.0,,False,0.0,376
322,ecfp4_bit_322,0.0,,False,0.0,377
323,ecfp4_bit_323,0.0,,False,0.0,378
324,ecfp4_bit_324,0.0,,False,0.0,379
325,ecfp4_bit_325,0.0,,False,0.0,380
326,ecfp4_bit_326,0.0,,False,0.0,381
327,ecfp4_bit_327,0.0,,False,0.0,382
328,ecfp4_bit_328,0.0,,False,0.0,383
329,ecfp4_bit_329,0.0,,False,0.0,384
330,ecfp4_bit_330,0.0,,False,0.0,385
331,ecfp4_bit_331,0.0,,False,0.0,386
332,ecfp4_bit_332,0.0,,False,0.0,387
334,ecfp4_bit_334,0.0,,False,0.0,388
335,ecfp4_bit_335,0.0,,False,0.0,389
336,ecfp4_bit_336,0.0,,False,0.0,390
337,ecfp4_bit_337,0.0,,False,0.0,391
338,ecfp4_bit_338,0.0,,False,0.0,392
339,ecfp4_bit_339,0.0,,False,0.0,393
340,ecfp4_bit_340,0.0,,False,0.0,394
341,ecfp4_bit_341,0.0,,False,0.0,395
342,ecfp4_bit_342,0.0,,False,0.0,396
343,ecfp4_bit_343,0.0,,False,0.0,397
344,ecfp4_bit_344,0.0,,False,0.0,398
345,ecfp4_bit_345,0.0,,False,0.0,399
346,ecfp4_bit_346,0.0,,False,0.0,400
347,ecfp4_bit_347,0.0,,False,0.0,401
348,ecfp4_bit_348,0.0,,False,0.0,402
349,ecfp4_bit_349,0.0,,False,0.0,403
351,ecfp4_bit_351,0.0,,False,0.0,404
353,ecfp4_bit_353,0.0,,False,0.0,405
354,ecfp4_bit_354,0.0,,False,0.0,406
355,ecfp4_bit_355,0.0,,False,0.0,407
356,ecfp4_bit_356,0.0,,False,0.0,408
357,ecfp4_bit_357,0.0,,False,0.0,409
358,ecfp4_bit_358,0.0,,False,0.0,410
359,ecfp4_bit_359,0.0,,False,0.0,411
360,ecfp4_bit_360,0.0,,False,0.0,412
361,ecfp4_bit_361,0.0,,False,0.0,413
362,ecfp4_bit_362,0.0,,False,0.0,414
363,ecfp4_bit_363,0.0,,False,0.0,415
364,ecfp4_bit_364,0.0,,False,0.0,416
365,ecfp4_bit_365,0.0,,False,0.0,417
367,ecfp4_bit_367,0.0,,False,0.0,418
368,ecfp4_bit_368,0.0,,False,0.0,419
369,ecfp4_bit_369,0.0,,False,0.0,420
370,ecfp4_bit_370,0.0,,False,0.0,421
372,ecfp4_bit_372,0.0,,False,0.0,422
373,ecfp4_bit_373,0.0,,False,0.0,423
374,ecfp4_bit_374,0.0,,False,0.0,424
375,ecfp4_bit_375,0.0,,False,0.0,425
376,ecfp4_bit_376,0.0,,False,0.0,426
377,ecfp4_bit_377,0.0,,False,0.0,427
378,ecfp4_bit_378,0.0,,False,0.0,428
379,ecfp4_bit_379,0.0,,False,0.0,429
380,ecfp4_bit_380,0.0,,False,0.0,430
381,ecfp4_bit_381,0.0,,False,0.0,431
382,ecfp4_bit_382,0.0,,False,0.0,432
384,ecfp4_bit_384,0.0,,False,0.0,433
385,ecfp4_bit_385,0.0,,False,0.0,434
386,ecfp4_bit_386,0.0,,False,0.0,435
387,ecfp4_bit_387,0.0,,False,0.0,436
388,ecfp4_bit_388,0.0,,False,0.0,437
390,ecfp4_bit_390,0.0,,False,0.0,438
391,ecfp4_bit_391,0.0,,False,0.0,439
392,ecfp4_bit_392,0.0,,False,0.0,440
394,ecfp4_bit_394,0.0,,False,0.0,441
395,ecfp4_bit_395,0.0,,False,0.0,442
396,ecfp4_bit_396,0.0,,False,0.0,443
397,ecfp4_bit_397,0.0,,False,0.0,444
398,ecfp4_bit_398,0.0,,False,0.0,445
399,ecfp4_bit_399,0.0,,False,0.0,446
400,ecfp4_bit_400,0.0,,False,0.0,447
401,ecfp4_bit_401,0.0,,False,0.0,448
402,ecfp4_bit_402,0.0,,False,0.0,449
403,ecfp4_bit_403,0.0,,False,0.0,450
404,ecfp4_bit_404,0.0,,False,0.0,451
405,ecfp4_bit_405,0.0,,False,0.0,452
406,ecfp4_bit_406,0.0,,False,0.0,453
408,ecfp4_bit_408,0.0,,False,0.0,454
409,ecfp4_bit_409,0.0,,False,0.0,455
410,ecfp4_bit_410,0.0,,False,0.0,456
411,ecfp4_bit_411,0.0,,False,0.0,457
412,ecfp4_bit_412,0.0,,False,0.0,458
413,ecfp4_bit_413,0.0,,False,0.0,459
414,ecfp4_bit_414,0.0,,False,0.0,460
415,ecfp4_bit_415,0.0,,False,0.0,461
416,ecfp4_bit_416,0.0,,False,0.0,462
417,ecfp4_bit_417,0.0,,False,0.0,463
418,ecfp4_bit_418,0.0,,False,0.0,464
419,ecfp4_bit_419,0.0,,False,0.0,465
420,ecfp4_bit_420,0.0,,False,0.0,466
421,ecfp4_bit_421,0.0,,False,0.0,467
422,ecfp4_bit_422,0.0,,False,0.0,468
423,ecfp4_bit_423,0.0,,False,0.0,469
424,ecfp4_bit_424,0.0,,False,0.0,470
425,ecfp4_bit_425,0.0,,False,0.0,471
426,ecfp4_bit_426,0.0,,False,0.0,472
427,ecfp4_bit_427,0.0,,False,0.0,473
428,ecfp4_bit_428,0.0,,False,0.0,474
429,ecfp4_bit_429,0.0,,False,0.0,475
430,ecfp4_bit_430,0.0,,False,0.0,476
431,ecfp4_bit_431,0.0,,False,0.0,477
432,ecfp4_bit_432,0.0,,False,0.0,478
433,ecfp4_bit_433,0.0,,False,0.0,479
434,ecfp4_bit_434,0.0,,False,0.0,480
435,ecfp4_bit_435,0.0,,False,0.0,481
436,ecfp4_bit_436,0.0,,False,0.0,482
437,ecfp4_bit_437,0.0,,False,0.0,483
438,ecfp4_bit_438,0.0,,False,0.0,484
439,ecfp4_bit_439,0.0,,False,0.0,485
440,ecfp4_bit_440,0.0,,False,0.0,486
441,ecfp4_bit_441,0.0,,False,0.0,487
442,ecfp4_bit_442,0.0,,False,0.0,488
443,ecfp4_bit_443,0.0,,False,0.0,489
444,ecfp4_bit_444,0.0,,False,0.0,490
445,ecfp4_bit_445,0.0,,False,0.0,491
446,ecfp4_bit_446,0.0,,False,0.0,492
447,ecfp4_bit_447,0.0,,False,0.0,493
449,ecfp4_bit_449,0.0,,False,0.0,494
450,ecfp4_bit_450,0.0,,False,0.0,495
451,ecfp4_bit_451,0.0,,False,0.0,496
453,ecfp4_bit_453,0.0,,False,0.0,497
454,ecfp4_bit_454,0.0,,False,0.0,498
455,ecfp4_bit_455,0.0,,False,0.0,499
456,ecfp4_bit_456,0.0,,False,0.0,500
457,ecfp4_bit_457,0.0,,False,0.0,501
458,ecfp4_bit_458,0.0,,False,0.0,502
459,ecfp4_bit_459,0.0,,False,0.0,503
460,ecfp4_bit_460,0.0,,False,0.0,504
461,ecfp4_bit_461,0.0,,False,0.0,505
462,ecfp4_bit_462,0.0,,False,0.0,506
463,ecfp4_bit_463,0.0,,False,0.0,507
464,ecfp4_bit_464,0.0,,False,0.0,508
465,ecfp4_bit_465,0.0,,False,0.0,509
466,ecfp4_bit_466,0.0,,False,0.0,510
467,ecfp4_bit_467,0.0,,False,0.0,511
468,ecfp4_bit_468,0.0,,False,0.0,512
469,ecfp4_bit_469,0.0,,False,0.0,513
470,ecfp4_bit_470,0.0,,False,0.0,514
471,ecfp4_bit_471,0.0,,False,0.0,515
472,ecfp4_bit_472,0.0,,False,0.0,516
473,ecfp4_bit_473,0.0,,False,0.0,517
474,ecfp4_bit_474,0.0,,False,0.0,518
475,ecfp4_bit_475,0.0,,False,0.0,519
476,ecfp4_bit_476,0.0,,False,0.0,520
477,ecfp4_bit_477,0.0,,False,0.0,521
478,ecfp4_bit_478,0.0,,False,0.0,522
480,ecfp4_bit_480,0.0,,False,0.0,523
481,ecfp4_bit_481,0.0,,False,0.0,524
482,ecfp4_bit_482,0.0,,False,0.0,525
483,ecfp4_bit_483,0.0,,False,0.0,526
485,ecfp4_bit_485,0.0,,False,0.0,527
487,ecfp4_bit_487,0.0,,False,0.0,528
488,ecfp4_bit_488,0.0,,False,0.0,529
489,ecfp4_bit_489,0.0,,False,0.0,530
490,ecfp4_bit_490,0.0,,False,0.0,531
491,ecfp4_bit_491,0.0,,False,0.0,532
492,ecfp4_bit_492,0.0,,False,0.0,533
493,ecfp4_bit_493,0.0,,False,0.0,534
494,ecfp4_bit_494,0.0,,False,0.0,535
495,ecfp4_bit_495,0.0,,False,0.0,536
496,ecfp4_bit_496,0.0,,False,0.0,537
497,ecfp4_bit_497,0.0,,False,0.0,538
498,ecfp4_bit_498,0.0,,False,0.0,539
499,ecfp4_bit_499,0.0,,False,0.0,540
500,ecfp4_bit_500,0.0,,False,0.0,541
501,ecfp4_bit_501,0.0,,False,0.0,542
502,ecfp4_bit_502,0.0,,False,0.0,543
503,ecfp4_bit_503,0.0,,False,0.0,544
504,ecfp4_bit_504,0.0,,False,0.0,545
505,ecfp4_bit_505,0.0,,False,0.0,546
506,ecfp4_bit_506,0.0,,False,0.0,547
507,ecfp4_bit_507,0.0,,False,0.0,548
508,ecfp4_bit_508,0.0,,False,0.0,549
509,ecfp4_bit_509,0.0,,False,0.0,550
510,ecfp4_bit_510,0.0,,False,0.0,551
511,ecfp4_bit_511,0.0,,False,0.0,552
512,ecfp4_bit_512,0.0,,False,0.0,553
513,ecfp4_bit_513,0.0,,False,0.0,554
514,ecfp4_bit_514,0.0,,False,0.0,555
515,ecfp4_bit_515,0.0,,False,0.0,556
516,ecfp4_bit_516,0.0,,False,0.0,557
517,ecfp4_bit_517,0.0,,False,0.0,558
518,ecfp4_bit_518,0.0,,False,0.0,559
519,ecfp4_bit_519,0.0,,False,0.0,560
520,ecfp4_bit_520,0.0,,False,0.0,561
521,ecfp4_bit_521,0.0,,False,0.0,562
522,ecfp4_bit_522,0.0,,False,0.0,563
523,ecfp4_bit_523,0.0,,False,0.0,564
524,ecfp4_bit_524,0.0,,False,0.0,565
525,ecfp4_bit_525,0.0,,False,0.0,566
526,ecfp4_bit_526,0.0,,False,0.0,567
527,ecfp4_bit_527,0.0,,False,0.0,568
529,ecfp4_bit_529,0.0,,False,0.0,569
530,ecfp4_bit_530,0.0,,False,0.0,570
531,ecfp4_bit_531,0.0,,False,0.0,571
532,ecfp4_bit_532,0.0,,False,0.0,572
534,ecfp4_bit_534,0.0,,False,0.0,573
535,ecfp4_bit_535,0.0,,False,0.0,574
536,ecfp4_bit_536,0.0,,False,0.0,575
537,ecfp4_bit_537,0.0,,False,0.0,576
538,ecfp4_bit_538,0.0,,False,0.0,577
539,ecfp4_bit_539,0.0,,False,0.0,578
541,ecfp4_bit_541,0.0,,False,0.0,579
542,ecfp4_bit_542,0.0,,False,0.0,580
543,ecfp4_bit_543,0.0,,False,0.0,581
544,ecfp4_bit_544,0.0,,False,0.0,582
545,ecfp4_bit_545,0.0,,False,0.0,583
546,ecfp4_bit_546,0.0,,False,0.0,584
547,ecfp4_bit_547,0.0,,False,0.0,585
548,ecfp4_bit_548,0.0,,False,0.0,586
549,ecfp4_bit_549,0.0,,False,0.0,587
550,ecfp4_bit_550,0.0,,False,0.0,588
551,ecfp4_bit_551,0.0,,False,0.0,589
552,ecfp4_bit_552,0.0,,False,0.0,590
553,ecfp4_bit_553,0.0,,False,0.0,591
555,ecfp4_bit_555,0.0,,False,0.0,592
556,ecfp4_bit_556,0.0,,False,0.0,593
557,ecfp4_bit_557,0.0,,False,0.0,594
558,ecfp4_bit_558,0.0,,False,0.0,595
559,ecfp4_bit_559,0.0,,False,0.0,596
560,ecfp4_bit_560,0.0,,False,0.0,597
562,ecfp4_bit_562,0.0,,False,0.0,598
563,ecfp4_bit_563,0.0,,False,0.0,599
564,ecfp4_bit_564,0.0,,False,0.0,600
565,ecfp4_bit_565,0.0,,False,0.0,601
566,ecfp4_bit_566,0.0,,False,0.0,602
567,ecfp4_bit_567,0.0,,False,0.0,603
568,ecfp4_bit_568,0.0,,False,0.0,604
569,ecfp4_bit_569,0.0,,False,0.0,605
570,ecfp4_bit_570,0.0,,False,0.0,606
571,ecfp4_bit_571,0.0,,False,0.0,607
572,ecfp4_bit_572,0.0,,False,0.0,608
573,ecfp4_bit_573,0.0,,False,0.0,609
574,ecfp4_bit_574,0.0,,False,0.0,610
575,ecfp4_bit_575,0.0,,False,0.0,611
576,ecfp4_bit_576,0.0,,False,0.0,612
577,ecfp4_bit_577,0.0,,False,0.0,613
578,ecfp4_bit_578,0.0,,False,0.0,614
579,ecfp4_bit_579,0.0,,False,0.0,615
580,ecfp4_bit_580,0.0,,False,0.0,616
581,ecfp4_bit_581,0.0,,False,0.0,617
582,ecfp4_bit_582,0.0,,False,0.0,618
583,ecfp4_bit_583,0.0,,False,0.0,619
584,ecfp4_bit_584,0.0,,False,0.0,620
585,ecfp4_bit_585,0.0,,False,0.0,621
586,ecfp4_bit_586,0.0,,False,0.0,622
587,ecfp4_bit_587,0.0,,False,0.0,623
588,ecfp4_bit_588,0.0,,False,0.0,624
589,ecfp4_bit_589,0.0,,False,0.0,625
590,ecfp4_bit_590,0.0,,False,0.0,626
591,ecfp4_bit_591,0.0,,False,0.0,627
593,ecfp4_bit_593,0.0,,False,0.0,628
594,ecfp4_bit_594,0.0,,False,0.0,629
595,ecfp4_bit_595,0.0,,False,0.0,630
596,ecfp4_bit_596,0.0,,False,0.0,631
598,ecfp4_bit_598,0.0,,False,0.0,632
599,ecfp4_bit_599,0.0,,False,0.0,633
600,ecfp4_bit_600,0.0,,False,0.0,634
601,ecfp4_bit_601,0.0,,False,0.0,635
602,ecfp4_bit_602,0.0,,False,0.0,636
604,ecfp4_bit_604,0.0,,False,0.0,637
605,ecfp4_bit_605,0.0,,False,0.0,638
606,ecfp4_bit_606,0.0,,False,0.0,639
607,ecfp4_bit_607,0.0,,False,0.0,640
608,ecfp4_bit_608,0.0,,False,0.0,641
609,ecfp4_bit_609,0.0,,False,0.0,642
611,ecfp4_bit_611,0.0,,False,0.0,643
612,ecfp4_bit_612,0.0,,False,0.0,644
613,ecfp4_bit_613,0.0,,False,0.0,645
614,ecfp4_bit_614,0.0,,False,0.0,646
615,ecfp4_bit_615,0.0,,False,0.0,647
616,ecfp4_bit_616,0.0,,False,0.0,648
617,ecfp4_bit_617,0.0,,False,0.0,649
618,ecfp4_bit_618,0.0,,False,0.0,650
619,ecfp4_bit_619,0.0,,False,0.0,651
620,ecfp4_bit_620,0.0,,False,0.0,652
621,ecfp4_bit_621,0.0,,False,0.0,653
622,ecfp4_bit_622,0.0,,False,0.0,654
624,ecfp4_bit_624,0.0,,False,0.0,655
625,ecfp4_bit_625,0.0,,False,0.0,656
626,ecfp4_bit_626,0.0,,False,0.0,657
627,ecfp4_bit_627,0.0,,False,0.0,658
629,ecfp4_bit_629,0.0,,False,0.0,659
630,ecfp4_bit_630,0.0,,False,0.0,660
631,ecfp4_bit_631,0.0,,False,0.0,661
632,ecfp4_bit_632,0.0,,False,0.0,662
633,ecfp4_bit_633,0.0,,False,0.0,663
634,ecfp4_bit_634,0.0,,False,0.0,664
635,ecfp4_bit_635,0.0,,False,0.0,665
637,ecfp4_bit_637,0.0,,False,0.0,666
638,ecfp4_bit_638,0.0,,False,0.0,667
639,ecfp4_bit_639,0.0,,False,0.0,668
640,ecfp4_bit_640,0.0,,False,0.0,669
642,ecfp4_bit_642,0.0,,False,0.0,670
643,ecfp4_bit_643,0.0,,False,0.0,671
644,ecfp4_bit_644,0.0,,False,0.0,672
646,ecfp4_bit_646,0.0,,False,0.0,673
647,ecfp4_bit_647,0.0,,False,0.0,674
648,ecfp4_bit_648,0.0,,False,0.0,675
649,ecfp4_bit_649,0.0,,False,0.0,676
651,ecfp4_bit_651,0.0,,False,0.0,677
652,ecfp4_bit_652,0.0,,False,0.0,678
653,ecfp4_bit_653,0.0,,False,0.0,679
654,ecfp4_bit_654,0.0,,False,0.0,680
655,ecfp4_bit_655,0.0,,False,0.0,681
657,ecfp4_bit_657,0.0,,False,0.0,682
658,ecfp4_bit_658,0.0,,False,0.0,683
659,ecfp4_bit_659,0.0,,False,0.0,684
660,ecfp4_bit_660,0.0,,False,0.0,685
661,ecfp4_bit_661,0.0,,False,0.0,686
662,ecfp4_bit_662,0.0,,False,0.0,687
663,ecfp4_bit_663,0.0,,False,0.0,688
664,ecfp4_bit_664,0.0,,False,0.0,689
665,ecfp4_bit_665,0.0,,False,0.0,690
666,ecfp4_bit_666,0.0,,False,0.0,691
667,ecfp4_bit_667,0.0,,False,0.0,692
668,ecfp4_bit_668,0.0,,False,0.0,693
669,ecfp4_bit_669,0.0,,False,0.0,694
670,ecfp4_bit_670,0.0,,False,0.0,695
671,ecfp4_bit_671,0.0,,False,0.0,696
672,ecfp4_bit_672,0.0,,False,0.0,697
674,ecfp4_bit_674,0.0,,False,0.0,698
675,ecfp4_bit_675,0.0,,False,0.0,699
676,ecfp4_bit_676,0.0,,False,0.0,700
677,ecfp4_bit_677,0.0,,False,0.0,701
678,ecfp4_bit_678,0.0,,False,0.0,702
679,ecfp4_bit_679,0.0,,False,0.0,703
680,ecfp4_bit_680,0.0,,False,0.0,704
681,ecfp4_bit_681,0.0,,False,0.0,705
682,ecfp4_bit_682,0.0,,False,0.0,706
683,ecfp4_bit_683,0.0,,False,0.0,707
685,ecfp4_bit_685,0.0,,False,0.0,708
686,ecfp4_bit_686,0.0,,False,0.0,709
687,ecfp4_bit_687,0.0,,False,0.0,710
688,ecfp4_bit_688,0.0,,False,0.0,711
689,ecfp4_bit_689,0.0,,False,0.0,712
691,ecfp4_bit_691,0.0,,False,0.0,713
692,ecfp4_bit_692,0.0,,False,0.0,714
693,ecfp4_bit_693,0.0,,False,0.0,715
694,ecfp4_bit_694,0.0,,False,0.0,716
695,ecfp4_bit_695,0.0,,False,0.0,717
696,ecfp4_bit_696,0.0,,False,0.0,718
697,ecfp4_bit_697,0.0,,False,0.0,719
699,ecfp4_bit_699,0.0,,False,0.0,720
700,ecfp4_bit_700,0.0,,False,0.0,721
701,ecfp4_bit_701,0.0,,False,0.0,722
702,ecfp4_bit_702,0.0,,False,0.0,723
703,ecfp4_bit_703,0.0,,False,0.0,724
704,ecfp4_bit_704,0.0,,False,0.0,725
705,ecfp4_bit_705,0.0,,False,0.0,726
706,ecfp4_bit_706,0.0,,False,0.0,727
707,ecfp4_bit_707,0.0,,False,0.0,728
708,ecfp4_bit_708,0.0,,False,0.0,729
709,ecfp4_bit_709,0.0,,False,0.0,730
710,ecfp4_bit_710,0.0,,False,0.0,731
711,ecfp4_bit_711,0.0,,False,0.0,732
712,ecfp4_bit_712,0.0,,False,0.0,733
715,ecfp4_bit_715,0.0,,False,0.0,734
716,ecfp4_bit_716,0.0,,False,0.0,735
717,ecfp4_bit_717,0.0,,False,0.0,736
718,ecfp4_bit_718,0.0,,False,0.0,737
719,ecfp4_bit_719,0.0,,False,0.0,738
720,ecfp4_bit_720,0.0,,False,0.0,739
721,ecfp4_bit_721,0.0,,False,0.0,740
722,ecfp4_bit_722,0.0,,False,0.0,741
723,ecfp4_bit_723,0.0,,False,0.0,742
724,ecfp4_bit_724,0.0,,False,0.0,743
725,ecfp4_bit_725,0.0,,False,0.0,744
727,ecfp4_bit_727,0.0,,False,0.0,745
728,ecfp4_bit_728,0.0,,False,0.0,746
729,ecfp4_bit_729,0.0,,False,0.0,747
730,ecfp4_bit_730,0.0,,False,0.0,748
731,ecfp4_bit_731,0.0,,False,0.0,749
732,ecfp4_bit_732,0.0,,False,0.0,750
733,ecfp4_bit_733,0.0,,False,0.0,751
734,ecfp4_bit_734,0.0,,False,0.0,752
735,ecfp4_bit_735,0.0,,False,0.0,753
736,ecfp4_bit_736,0.0,,False,0.0,754
737,ecfp4_bit_737,0.0,,False,0.0,755
738,ecfp4_bit_738,0.0,,False,0.0,756
740,ecfp4_bit_740,0.0,,False,0.0,757
742,ecfp4_bit_742,0.0,,False,0.0,758
743,ecfp4_bit_743,0.0,,False,0.0,759
744,ecfp4_bit_744,0.0,,False,0.0,760
745,ecfp4_bit_745,0.0,,False,0.0,761
746,ecfp4_bit_746,0.0,,False,0.0,762
747,ecfp4_bit_747,0.0,,False,0.0,763
748,ecfp4_bit_748,0.0,,False,0.0,764
749,ecfp4_bit_749,0.0,,False,0.0,765
750,ecfp4_bit_750,0.0,,False,0.0,766
751,ecfp4_bit_751,0.0,,False,0.0,767
752,ecfp4_bit_752,0.0,,False,0.0,768
753,ecfp4_bit_753,0.0,,False,0.0,769
754,ecfp4_bit_754,0.0,,False,0.0,770
755,ecfp4_bit_755,0.0,,False,0.0,771
756,ecfp4_bit_756,0.0,,False,0.0,772
757,ecfp4_bit_757,0.0,,False,0.0,773
758,ecfp4_bit_758,0.0,,False,0.0,774
759,ecfp4_bit_759,0.0,,False,0.0,775
760,ecfp4_bit_760,0.0,,False,0.0,776
761,ecfp4_bit_761,0.0,,False,0.0,777
762,ecfp4_bit_762,0.0,,False,0.0,778
763,ecfp4_bit_763,0.0,,False,0.0,779
764,ecfp4_bit_764,0.0,,False,0.0,780
765,ecfp4_bit_765,0.0,,False,0.0,781
766,ecfp4_bit_766,0.0,,False,0.0,782
767,ecfp4_bit_767,0.0,,False,0.0,783
768,ecfp4_bit_768,0.0,,False,0.0,784
769,ecfp4_bit_769,0.0,,False,0.0,785
770,ecfp4_bit_770,0.0,,False,0.0,786
771,ecfp4_bit_771,0.0,,False,0.0,787
772,ecfp4_bit_772,0.0,,False,0.0,788
773,ecfp4_bit_773,0.0,,False,0.0,789
774,ecfp4_bit_774,0.0,,False,0.0,790
775,ecfp4_bit_775,0.0,,False,0.0,791
776,ecfp4_bit_776,0.0,,False,0.0,792
777,ecfp4_bit_777,0.0,,False,0.0,793
778,ecfp4_bit_778,0.0,,False,0.0,794
779,ecfp4_bit_779,0.0,,False,0.0,795
780,ecfp4_bit_780,0.0,,False,0.0,796
781,ecfp4_bit_781,0.0,,False,0.0,797
782,ecfp4_bit_782,0.0,,False,0.0,798
784,ecfp4_bit_784,0.0,,False,0.0,799
785,ecfp4_bit_785,0.0,,False,0.0,800
786,ecfp4_bit_786,0.0,,False,0.0,801
787,ecfp4_bit_787,0.0,,False,0.0,802
788,ecfp4_bit_788,0.0,,False,0.0,803
789,ecfp4_bit_789,0.0,,False,0.0,804
790,ecfp4_bit_790,0.0,,False,0.0,805
791,ecfp4_bit_791,0.0,,False,0.0,806
792,ecfp4_bit_792,0.0,,False,0.0,807
793,ecfp4_bit_793,0.0,,False,0.0,808
794,ecfp4_bit_794,0.0,,False,0.0,809
795,ecfp4_bit_795,0.0,,False,0.0,810
796,ecfp4_bit_796,0.0,,False,0.0,811
797,ecfp4_bit_797,0.0,,False,0.0,812
798,ecfp4_bit_798,0.0,,False,0.0,813
799,ecfp4_bit_799,0.0,,False,0.0,814
800,ecfp4_bit_800,0.0,,False,0.0,815
801,ecfp4_bit_801,0.0,,False,0.0,816
803,ecfp4_bit_803,0.0,,False,0.0,817
804,ecfp4_bit_804,0.0,,False,0.0,818
805,ecfp4_bit_805,0.0,,False,0.0,819
806,ecfp4_bit_806,0.0,,False,0.0,820
807,ecfp4_bit_807,0.0,,False,0.0,821
808,ecfp4_bit_808,0.0,,False,0.0,822
809,ecfp4_bit_809,0.0,,False,0.0,823
810,ecfp4_bit_810,0.0,,False,0.0,824
811,ecfp4_bit_811,0.0,,False,0.0,825
812,ecfp4_bit_812,0.0,,False,0.0,826
813,ecfp4_bit_813,0.0,,False,0.0,827
814,ecfp4_bit_814,0.0,,False,0.0,828
815,ecfp4_bit_815,0.0,,False,0.0,829
816,ecfp4_bit_816,0.0,,False,0.0,830
817,ecfp4_bit_817,0.0,,False,0.0,831
818,ecfp4_bit_818,0.0,,False,0.0,832
819,ecfp4_bit_819,0.0,,False,0.0,833
820,ecfp4_bit_820,0.0,,False,0.0,834
821,ecfp4_bit_821,0.0,,False,0.0,835
822,ecfp4_bit_822,0.0,,False,0.0,836
823,ecfp4_bit_823,0.0,,False,0.0,837
824,ecfp4_bit_824,0.0,,False,0.0,838
825,ecfp4_bit_825,0.0,,False,0.0,839
826,ecfp4_bit_826,0.0,,False,0.0,840
827,ecfp4_bit_827,0.0,,False,0.0,841
828,ecfp4_bit_828,0.0,,False,0.0,842
829,ecfp4_bit_829,0.0,,False,0.0,843
830,ecfp4_bit_830,0.0,,False,0.0,844
832,ecfp4_bit_832,0.0,,False,0.0,845
833,ecfp4_bit_833,0.0,,False,0.0,846
834,ecfp4_bit_834,0.0,,False,0.0,847
835,ecfp4_bit_835,0.0,,False,0.0,848
836,ecfp4_bit_836,0.0,,False,0.0,849
837,ecfp4_bit_837,0.0,,False,0.0,850
838,ecfp4_bit_838,0.0,,False,0.0,851
839,ecfp4_bit_839,0.0,,False,0.0,852
841,ecfp4_bit_841,0.0,,False,0.0,853
843,ecfp4_bit_843,0.0,,False,0.0,854
844,ecfp4_bit_844,0.0,,False,0.0,855
845,ecfp4_bit_845,0.0,,False,0.0,856
846,ecfp4_bit_846,0.0,,False,0.0,857
847,ecfp4_bit_847,0.0,,False,0.0,858
848,ecfp4_bit_848,0.0,,False,0.0,859
849,ecfp4_bit_849,0.0,,False,0.0,860
850,ecfp4_bit_850,0.0,,False,0.0,861
851,ecfp4_bit_851,0.0,,False,0.0,862
852,ecfp4_bit_852,0.0,,False,0.0,863
853,ecfp4_bit_853,0.0,,False,0.0,864
854,ecfp4_bit_854,0.0,,False,0.0,865
855,ecfp4_bit_855,0.0,,False,0.0,866
856,ecfp4_bit_856,0.0,,False,0.0,867
857,ecfp4_bit_857,0.0,,False,0.0,868
858,ecfp4_bit_858,0.0,,False,0.0,869
859,ecfp4_bit_859,0.0,,False,0.0,870
860,ecfp4_bit_860,0.0,,False,0.0,871
861,ecfp4_bit_861,0.0,,False,0.0,872
862,ecfp4_bit_862,0.0,,False,0.0,873
863,ecfp4_bit_863,0.0,,False,0.0,874
865,ecfp4_bit_865,0.0,,False,0.0,875
866,ecfp4_bit_866,0.0,,False,0.0,876
867,ecfp4_bit_867,0.0,,False,0.0,877
868,ecfp4_bit_868,0.0,,False,0.0,878
869,ecfp4_bit_869,0.0,,False,0.0,879
870,ecfp4_bit_870,0.0,,False,0.0,880
871,ecfp4_bit_871,0.0,,False,0.0,881
872,ecfp4_bit_872,0.0,,False,0.0,882
873,ecfp4_bit_873,0.0,,False,0.0,883
874,ecfp4_bit_874,0.0,,False,0.0,884
876,ecfp4_bit_876,0.0,,False,0.0,885
877,ecfp4_bit_877,0.0,,False,0.0,886
878,ecfp4_bit_878,0.0,,False,0.0,887
879,ecfp4_bit_879,0.0,,False,0.0,888
880,ecfp4_bit_880,0.0,,False,0.0,889
881,ecfp4_bit_881,0.0,,False,0.0,890
882,ecfp4_bit_882,0.0,,False,0.0,891
883,ecfp4_bit_883,0.0,,False,0.0,892
884,ecfp4_bit_884,0.0,,False,0.0,893
885,ecfp4_bit_885,0.0,,False,0.0,894
886,ecfp4_bit_886,0.0,,False,0.0,895
888,ecfp4_bit_888,0.0,,False,0.0,896
889,ecfp4_bit_889,0.0,,False,0.0,897
890,ecfp4_bit_890,0.0,,False,0.0,898
891,ecfp4_bit_891,0.0,,False,0.0,899
892,ecfp4_bit_892,0.0,,False,0.0,900
894,ecfp4_bit_894,0.0,,False,0.0,901
895,ecfp4_bit_895,0.0,,False,0.0,902
896,ecfp4_bit_896,0.0,,False,0.0,903
897,ecfp4_bit_897,0.0,,False,0.0,904
898,ecfp4_bit_898,0.0,,False,0.0,905
899,ecfp4_bit_899,0.0,,False,0.0,906
900,ecfp4_bit_900,0.0,,False,0.0,907
901,ecfp4_bit_901,0.0,,False,0.0,908
902,ecfp4_bit_902,0.0,,False,0.0,909
903,ecfp4_bit_903,0.0,,False,0.0,910
905,ecfp4_bit_905,0.0,,False,0.0,911
906,ecfp4_bit_906,0.0,,False,0.0,912
907,ecfp4_bit_907,0.0,,False,0.0,913
908,ecfp4_bit_908,0.0,,False,0.0,914
909,ecfp4_bit_909,0.0,,False,0.0,915
910,ecfp4_bit_910,0.0,,False,0.0,916
911,ecfp4_bit_911,0.0,,False,0.0,917
912,ecfp4_bit_912,0.0,,False,0.0,918
913,ecfp4_bit_913,0.0,,False,0.0,919
914,ecfp4_bit_914,0.0,,False,0.0,920
915,ecfp4_bit_915,0.0,,False,0.0,921
916,ecfp4_bit_916,0.0,,False,0.0,922
917,ecfp4_bit_917,0.0,,False,0.0,923
918,ecfp4_bit_918,0.0,,False,0.0,924
919,ecfp4_bit_919,0.0,,False,0.0,925
920,ecfp4_bit_920,0.0,,False,0.0,926
921,ecfp4_bit_921,0.0,,False,0.0,927
922,ecfp4_bit_922,0.0,,False,0.0,928
923,ecfp4_bit_923,0.0,,False,0.0,929
924,ecfp4_bit_924,0.0,,False,0.0,930
925,ecfp4_bit_925,0.0,,False,0.0,931
928,ecfp4_bit_928,0.0,,False,0.0,932
929,ecfp4_bit_929,0.0,,False,0.0,933
930,ecfp4_bit_930,0.0,,False,0.0,934
931,ecfp4_bit_931,0.0,,False,0.0,935
932,ecfp4_bit_932,0.0,,False,0.0,936
933,ecfp4_bit_933,0.0,,False,0.0,937
934,ecfp4_bit_934,0.0,,False,0.0,938
935,ecfp4_bit_935,0.0,,False,0.0,939
936,ecfp4_bit_936,0.0,,False,0.0,940
937,ecfp4_bit_937,0.0,,False,0.0,941
938,ecfp4_bit_938,0.0,,False,0.0,942
939,ecfp4_bit_939,0.0,,False,0.0,943
940,ecfp4_bit_940,0.0,,False,0.0,944
941,ecfp4_bit_941,0.0,,False,0.0,945
942,ecfp4_bit_942,0.0,,False,0.0,946
943,ecfp4_bit_943,0.0,,False,0.0,947
944,ecfp4_bit_944,0.0,,False,0.0,948
945,ecfp4_bit_945,0.0,,False,0.0,949
946,ecfp4_bit_946,0.0,,False,0.0,950
947,ecfp4_bit_947,0.0,,False,0.0,951
948,ecfp4_bit_948,0.0,,False,0.0,952
949,ecfp4_bit_949,0.0,,False,0.0,953
951,ecfp4_bit_951,0.0,,False,0.0,954
953,ecfp4_bit_953,0.0,,False,0.0,955
954,ecfp4_bit_954,0.0,,False,0.0,956
955,ecfp4_bit_955,0.0,,False,0.0,957
956,ecfp4_bit_956,0.0,,False,0.0,958
957,ecfp4_bit_957,0.0,,False,0.0,959
958,ecfp4_bit_958,0.0,,False,0.0,960
959,ecfp4_bit_959,0.0,,False,0.0,961
960,ecfp4_bit_960,0.0,,False,0.0,962
961,ecfp4_bit_961,0.0,,False,0.0,963
962,ecfp4_bit_962,0.0,,False,0.0,964
963,ecfp4_bit_963,0.0,,False,0.0,965
964,ecfp4_bit_964,0.0,,False,0.0,966
965,ecfp4_bit_965,0.0,,False,0.0,967
966,ecfp4_bit_966,0.0,,False,0.0,968
967,ecfp4_bit_967,0.0,,False,0.0,969
968,ecfp4_bit_968,0.0,,False,0.0,970
969,ecfp4_bit_969,0.0,,False,0.0,971
970,ecfp4_bit_970,0.0,,False,0.0,972
971,ecfp4_bit_971,0.0,,False,0.0,973
972,ecfp4_bit_972,0.0,,False,0.0,974
973,ecfp4_bit_973,0.0,,False,0.0,975
974,ecfp4_bit_974,0.0,,False,0.0,976
975,ecfp4_bit_975,0.0,,False,0.0,977
976,ecfp4_bit_976,0.0,,False,0.0,978
977,ecfp4_bit_977,0.0,,False,0.0,979
978,ecfp4_bit_978,0.0,,False,0.0,980
979,ecfp4_bit_979,0.0,,False,0.0,981
980,ecfp4_bit_980,0.0,,False,0.0,982
981,ecfp4_bit_981,0.0,,False,0.0,983
982,ecfp4_bit_982,0.0,,False,0.0,984
983,ecfp4_bit_983,0.0,,False,0.0,985
984,ecfp4_bit_984,0.0,,False,0.0,986
985,ecfp4_bit_985,0.0,,False,0.0,987
986,ecfp4_bit_986,0.0,,False,0.0,988
987,ecfp4_bit_987,0.0,,False,0.0,989
988,ecfp4_bit_988,0.0,,False,0.0,990
989,ecfp4_bit_989,0.0,,False,0.0,991
990,ecfp4_bit_990,0.0,,False,0.0,992
991,ecfp4_bit_991,0.0,,False,0.0,993
992,ecfp4_bit_992,0.0,,False,0.0,994
993,ecfp4_bit_993,0.0,,False,0.0,995
994,ecfp4_bit_994,0.0,,False,0.0,996
995,ecfp4_bit_995,0.0,,False,0.0,997
996,ecfp4_bit_996,0.0,,False,0.0,998
997,ecfp4_bit_997,0.0,,False,0.0,999
998,ecfp4_bit_998,0.0,,False,0.0,1000
999,ecfp4_bit_999,0.0,,False,0.0,1001
1000,ecfp4_bit_1000,0.0,,False,0.0,1002
1001,ecfp4_bit_1001,0.0,,False,0.0,1003
1002,ecfp4_bit_1002,0.0,,False,0.0,1004
1003,ecfp4_bit_1003,0.0,,False,0.0,1005
1005,ecfp4_bit_1005,0.0,,False,0.0,1006
1006,ecfp4_bit_1006,0.0,,False,0.0,1007
1007,ecfp4_bit_1007,0.0,,False,0.0,1008
1008,ecfp4_bit_1008,0.0,,False,0.0,1009
1009,ecfp4_bit_1009,0.0,,False,0.0,1010
1010,ecfp4_bit_1010,0.0,,False,0.0,1011
1011,ecfp4_bit_1011,0.0,,False,0.0,1012
1012,ecfp4_bit_1012,0.0,,False,0.0,1013
1013,ecfp4_bit_1013,0.0,,False,0.0,1014
1014,ecfp4_bit_1014,0.0,,False,0.0,1015
1015,ecfp4_bit_1015,0.0,,False,0.0,1016
1016,ecfp4_bit_1016,0.0,,False,0.0,1017
1017,ecfp4_bit_1017,0.0,,False,0.0,1018
1018,ecfp4_bit_1018,0.0,,False,0.0,1019
1019,ecfp4_bit_1019,0.0,,False,0.0,1020
1020,ecfp4_bit_1020,0.0,,False,0.0,1021
1021,ecfp4_bit_1021,0.0,,False,0.0,1022
1022,ecfp4_bit_1022,0.0,,False,0.0,1023
1023,ecfp4_bit_1023,0.0,,False,0.0,1024
